[
    {
        "Value": 284.9010009765625,
        "Lat": 58.5,
        "Lon": 0.0
    },
    {
        "Value": 285.4732666015625,
        "Lat": 57.75,
        "Lon": 0.0
    },
    {
        "Value": 285.6412353515625,
        "Lat": 57.0,
        "Lon": 0.0
    },
    {
        "Value": 285.9713134765625,
        "Lat": 56.25,
        "Lon": 0.0
    },
    {
        "Value": 286.1510009765625,
        "Lat": 55.5,
        "Lon": 0.0
    },
    {
        "Value": 286.1392822265625,
        "Lat": 54.75,
        "Lon": 0.0
    },
    {
        "Value": 285.9127197265625,
        "Lat": 54.0,
        "Lon": 0.0
    },
    {
        "Value": 285.1470947265625,
        "Lat": 53.25,
        "Lon": 0.0
    },
    {
        "Value": 284.7135009765625,
        "Lat": 52.5,
        "Lon": 0.0
    },
    {
        "Value": 285.6783447265625,
        "Lat": 51.75,
        "Lon": 0.0
    },
    {
        "Value": 287.2154541015625,
        "Lat": 51.0,
        "Lon": 0.0
    },
    {
        "Value": 288.9342041015625,
        "Lat": 50.25,
        "Lon": 0.0
    },
    {
        "Value": 285.0396728515625,
        "Lat": 58.5,
        "Lon": 0.75
    },
    {
        "Value": 285.4947509765625,
        "Lat": 57.75,
        "Lon": 0.75
    },
    {
        "Value": 285.6060791015625,
        "Lat": 57.0,
        "Lon": 0.75
    },
    {
        "Value": 285.8775634765625,
        "Lat": 56.25,
        "Lon": 0.75
    },
    {
        "Value": 286.1217041015625,
        "Lat": 55.5,
        "Lon": 0.75
    },
    {
        "Value": 286.2310791015625,
        "Lat": 54.75,
        "Lon": 0.75
    },
    {
        "Value": 286.2779541015625,
        "Lat": 54.0,
        "Lon": 0.75
    },
    {
        "Value": 286.1822509765625,
        "Lat": 53.25,
        "Lon": 0.75
    },
    {
        "Value": 284.8599853515625,
        "Lat": 52.5,
        "Lon": 0.75
    },
    {
        "Value": 287.0826416015625,
        "Lat": 51.75,
        "Lon": 0.75
    },
    {
        "Value": 287.9752197265625,
        "Lat": 51.0,
        "Lon": 0.75
    },
    {
        "Value": 288.6119384765625,
        "Lat": 50.25,
        "Lon": 0.75
    },
    {
        "Value": 285.1783447265625,
        "Lat": 58.5,
        "Lon": 1.5
    },
    {
        "Value": 285.5142822265625,
        "Lat": 57.75,
        "Lon": 1.5
    },
    {
        "Value": 285.7076416015625,
        "Lat": 57.0,
        "Lon": 1.5
    },
    {
        "Value": 285.9010009765625,
        "Lat": 56.25,
        "Lon": 1.5
    },
    {
        "Value": 286.1822509765625,
        "Lat": 55.5,
        "Lon": 1.5
    },
    {
        "Value": 286.2916259765625,
        "Lat": 54.75,
        "Lon": 1.5
    },
    {
        "Value": 286.4068603515625,
        "Lat": 54.0,
        "Lon": 1.5
    },
    {
        "Value": 286.5865478515625,
        "Lat": 53.25,
        "Lon": 1.5
    },
    {
        "Value": 286.3521728515625,
        "Lat": 52.5,
        "Lon": 1.5
    },
    {
        "Value": 287.8052978515625,
        "Lat": 51.75,
        "Lon": 1.5
    },
    {
        "Value": 287.2408447265625,
        "Lat": 51.0,
        "Lon": 1.5
    },
    {
        "Value": 287.8131103515625,
        "Lat": 50.25,
        "Lon": 1.5
    },
    {
        "Value": 283.1099853515625,
        "Lat": 46.5,
        "Lon": 6.0
    },
    {
        "Value": 282.1158447265625,
        "Lat": 45.75,
        "Lon": 6.0
    },
    {
        "Value": 281.7994384765625,
        "Lat": 45.0,
        "Lon": 6.0
    },
    {
        "Value": 285.3814697265625,
        "Lat": 44.25,
        "Lon": 6.0
    },
    {
        "Value": 290.6353759765625,
        "Lat": 43.5,
        "Lon": 6.0
    },
    {
        "Value": 293.7213134765625,
        "Lat": 42.75,
        "Lon": 6.0
    },
    {
        "Value": 293.6842041015625,
        "Lat": 42.0,
        "Lon": 6.0
    },
    {
        "Value": 293.2545166015625,
        "Lat": 41.25,
        "Lon": 6.0
    },
    {
        "Value": 293.3853759765625,
        "Lat": 40.5,
        "Lon": 6.0
    },
    {
        "Value": 293.6470947265625,
        "Lat": 39.75,
        "Lon": 6.0
    },
    {
        "Value": 294.0943603515625,
        "Lat": 39.0,
        "Lon": 6.0
    },
    {
        "Value": 294.5220947265625,
        "Lat": 38.25,
        "Lon": 6.0
    },
    {
        "Value": 294.8033447265625,
        "Lat": 37.5,
        "Lon": 6.0
    },
    {
        "Value": 292.2740478515625,
        "Lat": 36.75,
        "Lon": 6.0
    },
    {
        "Value": 290.3404541015625,
        "Lat": 36.0,
        "Lon": 6.0
    },
    {
        "Value": 295.5533447265625,
        "Lat": 35.25,
        "Lon": 6.0
    },
    {
        "Value": 280.0943603515625,
        "Lat": 46.5,
        "Lon": 6.75
    },
    {
        "Value": 280.0885009765625,
        "Lat": 45.75,
        "Lon": 6.75
    },
    {
        "Value": 280.9224853515625,
        "Lat": 45.0,
        "Lon": 6.75
    },
    {
        "Value": 284.2584228515625,
        "Lat": 44.25,
        "Lon": 6.75
    },
    {
        "Value": 291.2037353515625,
        "Lat": 43.5,
        "Lon": 6.75
    },
    {
        "Value": 294.0611572265625,
        "Lat": 42.75,
        "Lon": 6.75
    },
    {
        "Value": 294.0435791015625,
        "Lat": 42.0,
        "Lon": 6.75
    },
    {
        "Value": 293.3736572265625,
        "Lat": 41.25,
        "Lon": 6.75
    },
    {
        "Value": 293.1724853515625,
        "Lat": 40.5,
        "Lon": 6.75
    },
    {
        "Value": 293.4537353515625,
        "Lat": 39.75,
        "Lon": 6.75
    },
    {
        "Value": 293.7486572265625,
        "Lat": 39.0,
        "Lon": 6.75
    },
    {
        "Value": 294.8619384765625,
        "Lat": 38.25,
        "Lon": 6.75
    },
    {
        "Value": 294.3619384765625,
        "Lat": 37.5,
        "Lon": 6.75
    },
    {
        "Value": 290.7447509765625,
        "Lat": 36.75,
        "Lon": 6.75
    },
    {
        "Value": 289.7877197265625,
        "Lat": 36.0,
        "Lon": 6.75
    },
    {
        "Value": 294.2525634765625,
        "Lat": 35.25,
        "Lon": 6.75
    },
    {
        "Value": 278.4361572265625,
        "Lat": 46.5,
        "Lon": 7.5
    },
    {
        "Value": 280.7115478515625,
        "Lat": 45.75,
        "Lon": 7.5
    },
    {
        "Value": 283.0474853515625,
        "Lat": 45.0,
        "Lon": 7.5
    },
    {
        "Value": 287.5123291015625,
        "Lat": 44.25,
        "Lon": 7.5
    },
    {
        "Value": 291.6900634765625,
        "Lat": 43.5,
        "Lon": 7.5
    },
    {
        "Value": 294.5455322265625,
        "Lat": 42.75,
        "Lon": 7.5
    },
    {
        "Value": 293.8092041015625,
        "Lat": 42.0,
        "Lon": 7.5
    },
    {
        "Value": 293.5103759765625,
        "Lat": 41.25,
        "Lon": 7.5
    },
    {
        "Value": 293.3131103515625,
        "Lat": 40.5,
        "Lon": 7.5
    },
    {
        "Value": 293.8521728515625,
        "Lat": 39.75,
        "Lon": 7.5
    },
    {
        "Value": 293.9283447265625,
        "Lat": 39.0,
        "Lon": 7.5
    },
    {
        "Value": 294.6822509765625,
        "Lat": 38.25,
        "Lon": 7.5
    },
    {
        "Value": 294.3873291015625,
        "Lat": 37.5,
        "Lon": 7.5
    },
    {
        "Value": 290.4635009765625,
        "Lat": 36.75,
        "Lon": 7.5
    },
    {
        "Value": 290.4185791015625,
        "Lat": 36.0,
        "Lon": 7.5
    },
    {
        "Value": 293.5103759765625,
        "Lat": 35.25,
        "Lon": 7.5
    },
    {
        "Value": 279.6959228515625,
        "Lat": 46.5,
        "Lon": 8.25
    },
    {
        "Value": 283.6744384765625,
        "Lat": 45.75,
        "Lon": 8.25
    },
    {
        "Value": 288.6470947265625,
        "Lat": 45.0,
        "Lon": 8.25
    },
    {
        "Value": 292.6099853515625,
        "Lat": 44.25,
        "Lon": 8.25
    },
    {
        "Value": 293.4888916015625,
        "Lat": 43.5,
        "Lon": 8.25
    },
    {
        "Value": 293.2603759765625,
        "Lat": 42.75,
        "Lon": 8.25
    },
    {
        "Value": 292.3873291015625,
        "Lat": 42.0,
        "Lon": 8.25
    },
    {
        "Value": 292.4635009765625,
        "Lat": 41.25,
        "Lon": 8.25
    },
    {
        "Value": 291.7076416015625,
        "Lat": 40.5,
        "Lon": 8.25
    },
    {
        "Value": 292.0338134765625,
        "Lat": 39.75,
        "Lon": 8.25
    },
    {
        "Value": 293.5513916015625,
        "Lat": 39.0,
        "Lon": 8.25
    },
    {
        "Value": 294.5279541015625,
        "Lat": 38.25,
        "Lon": 8.25
    },
    {
        "Value": 294.4498291015625,
        "Lat": 37.5,
        "Lon": 8.25
    },
    {
        "Value": 292.8463134765625,
        "Lat": 36.75,
        "Lon": 8.25
    },
    {
        "Value": 291.1217041015625,
        "Lat": 36.0,
        "Lon": 8.25
    },
    {
        "Value": 292.4420166015625,
        "Lat": 35.25,
        "Lon": 8.25
    },
    {
        "Value": 279.3482666015625,
        "Lat": 46.5,
        "Lon": 9.0
    },
    {
        "Value": 285.1041259765625,
        "Lat": 45.75,
        "Lon": 9.0
    },
    {
        "Value": 290.6705322265625,
        "Lat": 45.0,
        "Lon": 9.0
    },
    {
        "Value": 292.7545166015625,
        "Lat": 44.25,
        "Lon": 9.0
    },
    {
        "Value": 293.7974853515625,
        "Lat": 43.5,
        "Lon": 9.0
    },
    {
        "Value": 292.5006103515625,
        "Lat": 42.75,
        "Lon": 9.0
    },
    {
        "Value": 291.4635009765625,
        "Lat": 42.0,
        "Lon": 9.0
    },
    {
        "Value": 291.3150634765625,
        "Lat": 41.25,
        "Lon": 9.0
    },
    {
        "Value": 290.2545166015625,
        "Lat": 40.5,
        "Lon": 9.0
    },
    {
        "Value": 291.4244384765625,
        "Lat": 39.75,
        "Lon": 9.0
    },
    {
        "Value": 292.9908447265625,
        "Lat": 39.0,
        "Lon": 9.0
    },
    {
        "Value": 294.3131103515625,
        "Lat": 38.25,
        "Lon": 9.0
    },
    {
        "Value": 294.0513916015625,
        "Lat": 37.5,
        "Lon": 9.0
    },
    {
        "Value": 293.1217041015625,
        "Lat": 36.75,
        "Lon": 9.0
    },
    {
        "Value": 291.9810791015625,
        "Lat": 36.0,
        "Lon": 9.0
    },
    {
        "Value": 293.0806884765625,
        "Lat": 35.25,
        "Lon": 9.0
    },
    {
        "Value": 278.5826416015625,
        "Lat": 46.5,
        "Lon": 9.75
    },
    {
        "Value": 285.3638916015625,
        "Lat": 45.75,
        "Lon": 9.75
    },
    {
        "Value": 289.9752197265625,
        "Lat": 45.0,
        "Lon": 9.75
    },
    {
        "Value": 291.4049072265625,
        "Lat": 44.25,
        "Lon": 9.75
    },
    {
        "Value": 293.2017822265625,
        "Lat": 43.5,
        "Lon": 9.75
    },
    {
        "Value": 292.9654541015625,
        "Lat": 42.75,
        "Lon": 9.75
    },
    {
        "Value": 292.3677978515625,
        "Lat": 42.0,
        "Lon": 9.75
    },
    {
        "Value": 292.4010009765625,
        "Lat": 41.25,
        "Lon": 9.75
    },
    {
        "Value": 291.5572509765625,
        "Lat": 40.5,
        "Lon": 9.75
    },
    {
        "Value": 291.9517822265625,
        "Lat": 39.75,
        "Lon": 9.75
    },
    {
        "Value": 293.5045166015625,
        "Lat": 39.0,
        "Lon": 9.75
    },
    {
        "Value": 294.3052978515625,
        "Lat": 38.25,
        "Lon": 9.75
    },
    {
        "Value": 293.9752197265625,
        "Lat": 37.5,
        "Lon": 9.75
    },
    {
        "Value": 292.8111572265625,
        "Lat": 36.75,
        "Lon": 9.75
    },
    {
        "Value": 292.3795166015625,
        "Lat": 36.0,
        "Lon": 9.75
    },
    {
        "Value": 293.7642822265625,
        "Lat": 35.25,
        "Lon": 9.75
    },
    {
        "Value": 279.0533447265625,
        "Lat": 46.5,
        "Lon": 10.5
    },
    {
        "Value": 285.8482666015625,
        "Lat": 45.75,
        "Lon": 10.5
    },
    {
        "Value": 290.7818603515625,
        "Lat": 45.0,
        "Lon": 10.5
    },
    {
        "Value": 290.9967041015625,
        "Lat": 44.25,
        "Lon": 10.5
    },
    {
        "Value": 291.9478759765625,
        "Lat": 43.5,
        "Lon": 10.5
    },
    {
        "Value": 293.3404541015625,
        "Lat": 42.75,
        "Lon": 10.5
    },
    {
        "Value": 293.3912353515625,
        "Lat": 42.0,
        "Lon": 10.5
    },
    {
        "Value": 293.8463134765625,
        "Lat": 41.25,
        "Lon": 10.5
    },
    {
        "Value": 293.3795166015625,
        "Lat": 40.5,
        "Lon": 10.5
    },
    {
        "Value": 293.5728759765625,
        "Lat": 39.75,
        "Lon": 10.5
    },
    {
        "Value": 294.1138916015625,
        "Lat": 39.0,
        "Lon": 10.5
    },
    {
        "Value": 294.4224853515625,
        "Lat": 38.25,
        "Lon": 10.5
    },
    {
        "Value": 294.1510009765625,
        "Lat": 37.5,
        "Lon": 10.5
    },
    {
        "Value": 293.6627197265625,
        "Lat": 36.75,
        "Lon": 10.5
    },
    {
        "Value": 293.9927978515625,
        "Lat": 36.0,
        "Lon": 10.5
    },
    {
        "Value": 295.5845947265625,
        "Lat": 35.25,
        "Lon": 10.5
    },
    {
        "Value": 279.5377197265625,
        "Lat": 46.5,
        "Lon": 11.25
    },
    {
        "Value": 286.5826416015625,
        "Lat": 45.75,
        "Lon": 11.25
    },
    {
        "Value": 290.8209228515625,
        "Lat": 45.0,
        "Lon": 11.25
    },
    {
        "Value": 290.3404541015625,
        "Lat": 44.25,
        "Lon": 11.25
    },
    {
        "Value": 288.9556884765625,
        "Lat": 43.5,
        "Lon": 11.25
    },
    {
        "Value": 290.6802978515625,
        "Lat": 42.75,
        "Lon": 11.25
    },
    {
        "Value": 293.3092041015625,
        "Lat": 42.0,
        "Lon": 11.25
    },
    {
        "Value": 294.7095947265625,
        "Lat": 41.25,
        "Lon": 11.25
    },
    {
        "Value": 294.4459228515625,
        "Lat": 40.5,
        "Lon": 11.25
    },
    {
        "Value": 294.5064697265625,
        "Lat": 39.75,
        "Lon": 11.25
    },
    {
        "Value": 294.6099853515625,
        "Lat": 39.0,
        "Lon": 11.25
    },
    {
        "Value": 294.7037353515625,
        "Lat": 38.25,
        "Lon": 11.25
    },
    {
        "Value": 294.5416259765625,
        "Lat": 37.5,
        "Lon": 11.25
    },
    {
        "Value": 294.5240478515625,
        "Lat": 36.75,
        "Lon": 11.25
    },
    {
        "Value": 295.0885009765625,
        "Lat": 36.0,
        "Lon": 11.25
    },
    {
        "Value": 295.8912353515625,
        "Lat": 35.25,
        "Lon": 11.25
    },
    {
        "Value": 281.4869384765625,
        "Lat": 46.5,
        "Lon": 12.0
    },
    {
        "Value": 288.9713134765625,
        "Lat": 45.75,
        "Lon": 12.0
    },
    {
        "Value": 292.0260009765625,
        "Lat": 45.0,
        "Lon": 12.0
    },
    {
        "Value": 289.9635009765625,
        "Lat": 44.25,
        "Lon": 12.0
    },
    {
        "Value": 289.1295166015625,
        "Lat": 43.5,
        "Lon": 12.0
    },
    {
        "Value": 288.3853759765625,
        "Lat": 42.75,
        "Lon": 12.0
    },
    {
        "Value": 290.9888916015625,
        "Lat": 42.0,
        "Lon": 12.0
    },
    {
        "Value": 294.2330322265625,
        "Lat": 41.25,
        "Lon": 12.0
    },
    {
        "Value": 294.7974853515625,
        "Lat": 40.5,
        "Lon": 12.0
    },
    {
        "Value": 294.9322509765625,
        "Lat": 39.75,
        "Lon": 12.0
    },
    {
        "Value": 294.9908447265625,
        "Lat": 39.0,
        "Lon": 12.0
    },
    {
        "Value": 294.8424072265625,
        "Lat": 38.25,
        "Lon": 12.0
    },
    {
        "Value": 294.4556884765625,
        "Lat": 37.5,
        "Lon": 12.0
    },
    {
        "Value": 294.8775634765625,
        "Lat": 36.75,
        "Lon": 12.0
    },
    {
        "Value": 295.3482666015625,
        "Lat": 36.0,
        "Lon": 12.0
    },
    {
        "Value": 295.9674072265625,
        "Lat": 35.25,
        "Lon": 12.0
    },
    {
        "Value": 282.7388916015625,
        "Lat": 46.5,
        "Lon": 12.75
    },
    {
        "Value": 290.0201416015625,
        "Lat": 45.75,
        "Lon": 12.75
    },
    {
        "Value": 291.3189697265625,
        "Lat": 45.0,
        "Lon": 12.75
    },
    {
        "Value": 291.8424072265625,
        "Lat": 44.25,
        "Lon": 12.75
    },
    {
        "Value": 290.2760009765625,
        "Lat": 43.5,
        "Lon": 12.75
    },
    {
        "Value": 287.7115478515625,
        "Lat": 42.75,
        "Lon": 12.75
    },
    {
        "Value": 289.9361572265625,
        "Lat": 42.0,
        "Lon": 12.75
    },
    {
        "Value": 293.4244384765625,
        "Lat": 41.25,
        "Lon": 12.75
    },
    {
        "Value": 294.7818603515625,
        "Lat": 40.5,
        "Lon": 12.75
    },
    {
        "Value": 295.3834228515625,
        "Lat": 39.75,
        "Lon": 12.75
    },
    {
        "Value": 295.3970947265625,
        "Lat": 39.0,
        "Lon": 12.75
    },
    {
        "Value": 294.4459228515625,
        "Lat": 38.25,
        "Lon": 12.75
    },
    {
        "Value": 293.5045166015625,
        "Lat": 37.5,
        "Lon": 12.75
    },
    {
        "Value": 294.7291259765625,
        "Lat": 36.75,
        "Lon": 12.75
    },
    {
        "Value": 295.3658447265625,
        "Lat": 36.0,
        "Lon": 12.75
    },
    {
        "Value": 295.8795166015625,
        "Lat": 35.25,
        "Lon": 12.75
    },
    {
        "Value": 282.4791259765625,
        "Lat": 46.5,
        "Lon": 13.5
    },
    {
        "Value": 289.0162353515625,
        "Lat": 45.75,
        "Lon": 13.5
    },
    {
        "Value": 291.3853759765625,
        "Lat": 45.0,
        "Lon": 13.5
    },
    {
        "Value": 291.4049072265625,
        "Lat": 44.25,
        "Lon": 13.5
    },
    {
        "Value": 289.2662353515625,
        "Lat": 43.5,
        "Lon": 13.5
    },
    {
        "Value": 287.3873291015625,
        "Lat": 42.75,
        "Lon": 13.5
    },
    {
        "Value": 288.8189697265625,
        "Lat": 42.0,
        "Lon": 13.5
    },
    {
        "Value": 291.9908447265625,
        "Lat": 41.25,
        "Lon": 13.5
    },
    {
        "Value": 294.8033447265625,
        "Lat": 40.5,
        "Lon": 13.5
    },
    {
        "Value": 295.4713134765625,
        "Lat": 39.75,
        "Lon": 13.5
    },
    {
        "Value": 295.5845947265625,
        "Lat": 39.0,
        "Lon": 13.5
    },
    {
        "Value": 293.7740478515625,
        "Lat": 38.25,
        "Lon": 13.5
    },
    {
        "Value": 291.8658447265625,
        "Lat": 37.5,
        "Lon": 13.5
    },
    {
        "Value": 294.4888916015625,
        "Lat": 36.75,
        "Lon": 13.5
    },
    {
        "Value": 295.7955322265625,
        "Lat": 36.0,
        "Lon": 13.5
    },
    {
        "Value": 296.1861572265625,
        "Lat": 35.25,
        "Lon": 13.5
    },
    {
        "Value": 282.2506103515625,
        "Lat": 46.5,
        "Lon": 14.25
    },
    {
        "Value": 285.5162353515625,
        "Lat": 45.75,
        "Lon": 14.25
    },
    {
        "Value": 288.4224853515625,
        "Lat": 45.0,
        "Lon": 14.25
    },
    {
        "Value": 291.7838134765625,
        "Lat": 44.25,
        "Lon": 14.25
    },
    {
        "Value": 291.1861572265625,
        "Lat": 43.5,
        "Lon": 14.25
    },
    {
        "Value": 289.5181884765625,
        "Lat": 42.75,
        "Lon": 14.25
    },
    {
        "Value": 289.9635009765625,
        "Lat": 42.0,
        "Lon": 14.25
    },
    {
        "Value": 291.9986572265625,
        "Lat": 41.25,
        "Lon": 14.25
    },
    {
        "Value": 293.7506103515625,
        "Lat": 40.5,
        "Lon": 14.25
    },
    {
        "Value": 295.2896728515625,
        "Lat": 39.75,
        "Lon": 14.25
    },
    {
        "Value": 295.5455322265625,
        "Lat": 39.0,
        "Lon": 14.25
    },
    {
        "Value": 293.5279541015625,
        "Lat": 38.25,
        "Lon": 14.25
    },
    {
        "Value": 291.7994384765625,
        "Lat": 37.5,
        "Lon": 14.25
    },
    {
        "Value": 294.5689697265625,
        "Lat": 36.75,
        "Lon": 14.25
    },
    {
        "Value": 296.4185791015625,
        "Lat": 36.0,
        "Lon": 14.25
    },
    {
        "Value": 296.8365478515625,
        "Lat": 35.25,
        "Lon": 14.25
    },
    {
        "Value": 283.1470947265625,
        "Lat": 46.5,
        "Lon": 15.0
    },
    {
        "Value": 283.8150634765625,
        "Lat": 45.75,
        "Lon": 15.0
    },
    {
        "Value": 285.1080322265625,
        "Lat": 45.0,
        "Lon": 15.0
    },
    {
        "Value": 289.0748291015625,
        "Lat": 44.25,
        "Lon": 15.0
    },
    {
        "Value": 292.0904541015625,
        "Lat": 43.5,
        "Lon": 15.0
    },
    {
        "Value": 291.3892822265625,
        "Lat": 42.75,
        "Lon": 15.0
    },
    {
        "Value": 290.9576416015625,
        "Lat": 42.0,
        "Lon": 15.0
    },
    {
        "Value": 291.9185791015625,
        "Lat": 41.25,
        "Lon": 15.0
    },
    {
        "Value": 292.3033447265625,
        "Lat": 40.5,
        "Lon": 15.0
    },
    {
        "Value": 294.4537353515625,
        "Lat": 39.75,
        "Lon": 15.0
    },
    {
        "Value": 295.1490478515625,
        "Lat": 39.0,
        "Lon": 15.0
    },
    {
        "Value": 293.0260009765625,
        "Lat": 38.25,
        "Lon": 15.0
    },
    {
        "Value": 293.9498291015625,
        "Lat": 37.5,
        "Lon": 15.0
    },
    {
        "Value": 295.6705322265625,
        "Lat": 36.75,
        "Lon": 15.0
    },
    {
        "Value": 297.0845947265625,
        "Lat": 36.0,
        "Lon": 15.0
    },
    {
        "Value": 297.4517822265625,
        "Lat": 35.25,
        "Lon": 15.0
    },
    {
        "Value": 284.0006103515625,
        "Lat": 46.5,
        "Lon": 15.75
    },
    {
        "Value": 284.6939697265625,
        "Lat": 45.75,
        "Lon": 15.75
    },
    {
        "Value": 284.6685791015625,
        "Lat": 45.0,
        "Lon": 15.75
    },
    {
        "Value": 286.3795166015625,
        "Lat": 44.25,
        "Lon": 15.75
    },
    {
        "Value": 289.9927978515625,
        "Lat": 43.5,
        "Lon": 15.75
    },
    {
        "Value": 293.0006103515625,
        "Lat": 42.75,
        "Lon": 15.75
    },
    {
        "Value": 292.5592041015625,
        "Lat": 42.0,
        "Lon": 15.75
    },
    {
        "Value": 291.3560791015625,
        "Lat": 41.25,
        "Lon": 15.75
    },
    {
        "Value": 291.4810791015625,
        "Lat": 40.5,
        "Lon": 15.75
    },
    {
        "Value": 292.6158447265625,
        "Lat": 39.75,
        "Lon": 15.75
    },
    {
        "Value": 293.3248291015625,
        "Lat": 39.0,
        "Lon": 15.75
    },
    {
        "Value": 293.9830322265625,
        "Lat": 38.25,
        "Lon": 15.75
    },
    {
        "Value": 294.5377197265625,
        "Lat": 37.5,
        "Lon": 15.75
    },
    {
        "Value": 296.7760009765625,
        "Lat": 36.75,
        "Lon": 15.75
    },
    {
        "Value": 297.7349853515625,
        "Lat": 36.0,
        "Lon": 15.75
    },
    {
        "Value": 298.0474853515625,
        "Lat": 35.25,
        "Lon": 15.75
    },
    {
        "Value": 285.9478759765625,
        "Lat": 46.5,
        "Lon": 16.5
    },
    {
        "Value": 285.1978759765625,
        "Lat": 45.75,
        "Lon": 16.5
    },
    {
        "Value": 284.9498291015625,
        "Lat": 45.0,
        "Lon": 16.5
    },
    {
        "Value": 284.9791259765625,
        "Lat": 44.25,
        "Lon": 16.5
    },
    {
        "Value": 289.0963134765625,
        "Lat": 43.5,
        "Lon": 16.5
    },
    {
        "Value": 292.3404541015625,
        "Lat": 42.75,
        "Lon": 16.5
    },
    {
        "Value": 293.6021728515625,
        "Lat": 42.0,
        "Lon": 16.5
    },
    {
        "Value": 292.7115478515625,
        "Lat": 41.25,
        "Lon": 16.5
    },
    {
        "Value": 292.3404541015625,
        "Lat": 40.5,
        "Lon": 16.5
    },
    {
        "Value": 293.5513916015625,
        "Lat": 39.75,
        "Lon": 16.5
    },
    {
        "Value": 293.6744384765625,
        "Lat": 39.0,
        "Lon": 16.5
    },
    {
        "Value": 293.7564697265625,
        "Lat": 38.25,
        "Lon": 16.5
    },
    {
        "Value": 296.0025634765625,
        "Lat": 37.5,
        "Lon": 16.5
    },
    {
        "Value": 297.5845947265625,
        "Lat": 36.75,
        "Lon": 16.5
    },
    {
        "Value": 298.1939697265625,
        "Lat": 36.0,
        "Lon": 16.5
    },
    {
        "Value": 298.1197509765625,
        "Lat": 35.25,
        "Lon": 16.5
    },
    {
        "Value": 287.0025634765625,
        "Lat": 46.5,
        "Lon": 17.25
    },
    {
        "Value": 286.5357666015625,
        "Lat": 45.75,
        "Lon": 17.25
    },
    {
        "Value": 285.3228759765625,
        "Lat": 45.0,
        "Lon": 17.25
    },
    {
        "Value": 284.5260009765625,
        "Lat": 44.25,
        "Lon": 17.25
    },
    {
        "Value": 287.8912353515625,
        "Lat": 43.5,
        "Lon": 17.25
    },
    {
        "Value": 292.2037353515625,
        "Lat": 42.75,
        "Lon": 17.25
    },
    {
        "Value": 293.9068603515625,
        "Lat": 42.0,
        "Lon": 17.25
    },
    {
        "Value": 293.9986572265625,
        "Lat": 41.25,
        "Lon": 17.25
    },
    {
        "Value": 294.0592041015625,
        "Lat": 40.5,
        "Lon": 17.25
    },
    {
        "Value": 294.6568603515625,
        "Lat": 39.75,
        "Lon": 17.25
    },
    {
        "Value": 294.6744384765625,
        "Lat": 39.0,
        "Lon": 17.25
    },
    {
        "Value": 295.3424072265625,
        "Lat": 38.25,
        "Lon": 17.25
    },
    {
        "Value": 296.8736572265625,
        "Lat": 37.5,
        "Lon": 17.25
    },
    {
        "Value": 297.8873291015625,
        "Lat": 36.75,
        "Lon": 17.25
    },
    {
        "Value": 298.3677978515625,
        "Lat": 36.0,
        "Lon": 17.25
    },
    {
        "Value": 298.1138916015625,
        "Lat": 35.25,
        "Lon": 17.25
    },
    {
        "Value": 287.1822509765625,
        "Lat": 46.5,
        "Lon": 18.0
    },
    {
        "Value": 287.3502197265625,
        "Lat": 45.75,
        "Lon": 18.0
    },
    {
        "Value": 286.5064697265625,
        "Lat": 45.0,
        "Lon": 18.0
    },
    {
        "Value": 284.9361572265625,
        "Lat": 44.25,
        "Lon": 18.0
    },
    {
        "Value": 286.3677978515625,
        "Lat": 43.5,
        "Lon": 18.0
    },
    {
        "Value": 290.5279541015625,
        "Lat": 42.75,
        "Lon": 18.0
    },
    {
        "Value": 293.6900634765625,
        "Lat": 42.0,
        "Lon": 18.0
    },
    {
        "Value": 294.3892822265625,
        "Lat": 41.25,
        "Lon": 18.0
    },
    {
        "Value": 295.1646728515625,
        "Lat": 40.5,
        "Lon": 18.0
    },
    {
        "Value": 295.8326416015625,
        "Lat": 39.75,
        "Lon": 18.0
    },
    {
        "Value": 296.0904541015625,
        "Lat": 39.0,
        "Lon": 18.0
    },
    {
        "Value": 296.6646728515625,
        "Lat": 38.25,
        "Lon": 18.0
    },
    {
        "Value": 297.3502197265625,
        "Lat": 37.5,
        "Lon": 18.0
    },
    {
        "Value": 298.1744384765625,
        "Lat": 36.75,
        "Lon": 18.0
    },
    {
        "Value": 298.3424072265625,
        "Lat": 36.0,
        "Lon": 18.0
    },
    {
        "Value": 298.0279541015625,
        "Lat": 35.25,
        "Lon": 18.0
    },
    {
        "Value": 286.3189697265625,
        "Lat": 58.5,
        "Lon": -9.75
    },
    {
        "Value": 286.1529541015625,
        "Lat": 57.75,
        "Lon": -9.75
    },
    {
        "Value": 285.8697509765625,
        "Lat": 57.0,
        "Lon": -9.75
    },
    {
        "Value": 285.7564697265625,
        "Lat": 56.25,
        "Lon": -9.75
    },
    {
        "Value": 285.7525634765625,
        "Lat": 55.5,
        "Lon": -9.75
    },
    {
        "Value": 286.2427978515625,
        "Lat": 54.75,
        "Lon": -9.75
    },
    {
        "Value": 286.4635009765625,
        "Lat": 54.0,
        "Lon": -9.75
    },
    {
        "Value": 286.5513916015625,
        "Lat": 53.25,
        "Lon": -9.75
    },
    {
        "Value": 286.9927978515625,
        "Lat": 52.5,
        "Lon": -9.75
    },
    {
        "Value": 288.0806884765625,
        "Lat": 51.75,
        "Lon": -9.75
    },
    {
        "Value": 288.3150634765625,
        "Lat": 51.0,
        "Lon": -9.75
    },
    {
        "Value": 288.2838134765625,
        "Lat": 50.25,
        "Lon": -9.75
    },
    {
        "Value": 286.0767822265625,
        "Lat": 58.5,
        "Lon": -9.0
    },
    {
        "Value": 285.8658447265625,
        "Lat": 57.75,
        "Lon": -9.0
    },
    {
        "Value": 285.5240478515625,
        "Lat": 57.0,
        "Lon": -9.0
    },
    {
        "Value": 285.4010009765625,
        "Lat": 56.25,
        "Lon": -9.0
    },
    {
        "Value": 285.3345947265625,
        "Lat": 55.5,
        "Lon": -9.0
    },
    {
        "Value": 285.5338134765625,
        "Lat": 54.75,
        "Lon": -9.0
    },
    {
        "Value": 285.5416259765625,
        "Lat": 54.0,
        "Lon": -9.0
    },
    {
        "Value": 285.1490478515625,
        "Lat": 53.25,
        "Lon": -9.0
    },
    {
        "Value": 285.0396728515625,
        "Lat": 52.5,
        "Lon": -9.0
    },
    {
        "Value": 287.1392822265625,
        "Lat": 51.75,
        "Lon": -9.0
    },
    {
        "Value": 288.3560791015625,
        "Lat": 51.0,
        "Lon": -9.0
    },
    {
        "Value": 288.2760009765625,
        "Lat": 50.25,
        "Lon": -9.0
    },
    {
        "Value": 285.8170166015625,
        "Lat": 58.5,
        "Lon": -8.25
    },
    {
        "Value": 285.5631103515625,
        "Lat": 57.75,
        "Lon": -8.25
    },
    {
        "Value": 285.1744384765625,
        "Lat": 57.0,
        "Lon": -8.25
    },
    {
        "Value": 284.8912353515625,
        "Lat": 56.25,
        "Lon": -8.25
    },
    {
        "Value": 284.6412353515625,
        "Lat": 55.5,
        "Lon": -8.25
    },
    {
        "Value": 284.3638916015625,
        "Lat": 54.75,
        "Lon": -8.25
    },
    {
        "Value": 284.3287353515625,
        "Lat": 54.0,
        "Lon": -8.25
    },
    {
        "Value": 284.0201416015625,
        "Lat": 53.25,
        "Lon": -8.25
    },
    {
        "Value": 284.5103759765625,
        "Lat": 52.5,
        "Lon": -8.25
    },
    {
        "Value": 287.1138916015625,
        "Lat": 51.75,
        "Lon": -8.25
    },
    {
        "Value": 288.5396728515625,
        "Lat": 51.0,
        "Lon": -8.25
    },
    {
        "Value": 288.3092041015625,
        "Lat": 50.25,
        "Lon": -8.25
    },
    {
        "Value": 285.5357666015625,
        "Lat": 58.5,
        "Lon": -7.5
    },
    {
        "Value": 285.1490478515625,
        "Lat": 57.75,
        "Lon": -7.5
    },
    {
        "Value": 284.7720947265625,
        "Lat": 57.0,
        "Lon": -7.5
    },
    {
        "Value": 284.4224853515625,
        "Lat": 56.25,
        "Lon": -7.5
    },
    {
        "Value": 283.9830322265625,
        "Lat": 55.5,
        "Lon": -7.5
    },
    {
        "Value": 283.6939697265625,
        "Lat": 54.75,
        "Lon": -7.5
    },
    {
        "Value": 283.3775634765625,
        "Lat": 54.0,
        "Lon": -7.5
    },
    {
        "Value": 283.7037353515625,
        "Lat": 53.25,
        "Lon": -7.5
    },
    {
        "Value": 284.3834228515625,
        "Lat": 52.5,
        "Lon": -7.5
    },
    {
        "Value": 287.3795166015625,
        "Lat": 51.75,
        "Lon": -7.5
    },
    {
        "Value": 288.7193603515625,
        "Lat": 51.0,
        "Lon": -7.5
    },
    {
        "Value": 288.2799072265625,
        "Lat": 50.25,
        "Lon": -7.5
    },
    {
        "Value": 285.1041259765625,
        "Lat": 58.5,
        "Lon": -6.75
    },
    {
        "Value": 284.5689697265625,
        "Lat": 57.75,
        "Lon": -6.75
    },
    {
        "Value": 284.1510009765625,
        "Lat": 57.0,
        "Lon": -6.75
    },
    {
        "Value": 283.8970947265625,
        "Lat": 56.25,
        "Lon": -6.75
    },
    {
        "Value": 283.5123291015625,
        "Lat": 55.5,
        "Lon": -6.75
    },
    {
        "Value": 282.9830322265625,
        "Lat": 54.75,
        "Lon": -6.75
    },
    {
        "Value": 283.2310791015625,
        "Lat": 54.0,
        "Lon": -6.75
    },
    {
        "Value": 284.0533447265625,
        "Lat": 53.25,
        "Lon": -6.75
    },
    {
        "Value": 285.2056884765625,
        "Lat": 52.5,
        "Lon": -6.75
    },
    {
        "Value": 288.1099853515625,
        "Lat": 51.75,
        "Lon": -6.75
    },
    {
        "Value": 288.8033447265625,
        "Lat": 51.0,
        "Lon": -6.75
    },
    {
        "Value": 288.2857666015625,
        "Lat": 50.25,
        "Lon": -6.75
    },
    {
        "Value": 284.5943603515625,
        "Lat": 58.5,
        "Lon": -6.0
    },
    {
        "Value": 283.9010009765625,
        "Lat": 57.75,
        "Lon": -6.0
    },
    {
        "Value": 283.2857666015625,
        "Lat": 57.0,
        "Lon": -6.0
    },
    {
        "Value": 283.2623291015625,
        "Lat": 56.25,
        "Lon": -6.0
    },
    {
        "Value": 283.4302978515625,
        "Lat": 55.5,
        "Lon": -6.0
    },
    {
        "Value": 283.7486572265625,
        "Lat": 54.75,
        "Lon": -6.0
    },
    {
        "Value": 284.1920166015625,
        "Lat": 54.0,
        "Lon": -6.0
    },
    {
        "Value": 285.3541259765625,
        "Lat": 53.25,
        "Lon": -6.0
    },
    {
        "Value": 286.5963134765625,
        "Lat": 52.5,
        "Lon": -6.0
    },
    {
        "Value": 288.3873291015625,
        "Lat": 51.75,
        "Lon": -6.0
    },
    {
        "Value": 288.9049072265625,
        "Lat": 51.0,
        "Lon": -6.0
    },
    {
        "Value": 288.3365478515625,
        "Lat": 50.25,
        "Lon": -6.0
    },
    {
        "Value": 284.0670166015625,
        "Lat": 58.5,
        "Lon": -5.25
    },
    {
        "Value": 283.2135009765625,
        "Lat": 57.75,
        "Lon": -5.25
    },
    {
        "Value": 281.8209228515625,
        "Lat": 57.0,
        "Lon": -5.25
    },
    {
        "Value": 282.7056884765625,
        "Lat": 56.25,
        "Lon": -5.25
    },
    {
        "Value": 284.3970947265625,
        "Lat": 55.5,
        "Lon": -5.25
    },
    {
        "Value": 284.7349853515625,
        "Lat": 54.75,
        "Lon": -5.25
    },
    {
        "Value": 285.1099853515625,
        "Lat": 54.0,
        "Lon": -5.25
    },
    {
        "Value": 285.9283447265625,
        "Lat": 53.25,
        "Lon": -5.25
    },
    {
        "Value": 287.0006103515625,
        "Lat": 52.5,
        "Lon": -5.25
    },
    {
        "Value": 288.3717041015625,
        "Lat": 51.75,
        "Lon": -5.25
    },
    {
        "Value": 288.6197509765625,
        "Lat": 51.0,
        "Lon": -5.25
    },
    {
        "Value": 288.3013916015625,
        "Lat": 50.25,
        "Lon": -5.25
    },
    {
        "Value": 283.7701416015625,
        "Lat": 58.5,
        "Lon": -4.5
    },
    {
        "Value": 282.5572509765625,
        "Lat": 57.75,
        "Lon": -4.5
    },
    {
        "Value": 281.4283447265625,
        "Lat": 57.0,
        "Lon": -4.5
    },
    {
        "Value": 283.2467041015625,
        "Lat": 56.25,
        "Lon": -4.5
    },
    {
        "Value": 285.4693603515625,
        "Lat": 55.5,
        "Lon": -4.5
    },
    {
        "Value": 285.7681884765625,
        "Lat": 54.75,
        "Lon": -4.5
    },
    {
        "Value": 285.6802978515625,
        "Lat": 54.0,
        "Lon": -4.5
    },
    {
        "Value": 285.8072509765625,
        "Lat": 53.25,
        "Lon": -4.5
    },
    {
        "Value": 285.8111572265625,
        "Lat": 52.5,
        "Lon": -4.5
    },
    {
        "Value": 287.4810791015625,
        "Lat": 51.75,
        "Lon": -4.5
    },
    {
        "Value": 287.2818603515625,
        "Lat": 51.0,
        "Lon": -4.5
    },
    {
        "Value": 287.8892822265625,
        "Lat": 50.25,
        "Lon": -4.5
    },
    {
        "Value": 283.7174072265625,
        "Lat": 58.5,
        "Lon": -3.75
    },
    {
        "Value": 282.7115478515625,
        "Lat": 57.75,
        "Lon": -3.75
    },
    {
        "Value": 281.5474853515625,
        "Lat": 57.0,
        "Lon": -3.75
    },
    {
        "Value": 283.3619384765625,
        "Lat": 56.25,
        "Lon": -3.75
    },
    {
        "Value": 285.0240478515625,
        "Lat": 55.5,
        "Lon": -3.75
    },
    {
        "Value": 285.5767822265625,
        "Lat": 54.75,
        "Lon": -3.75
    },
    {
        "Value": 285.8638916015625,
        "Lat": 54.0,
        "Lon": -3.75
    },
    {
        "Value": 285.4810791015625,
        "Lat": 53.25,
        "Lon": -3.75
    },
    {
        "Value": 284.9400634765625,
        "Lat": 52.5,
        "Lon": -3.75
    },
    {
        "Value": 286.2154541015625,
        "Lat": 51.75,
        "Lon": -3.75
    },
    {
        "Value": 285.8189697265625,
        "Lat": 51.0,
        "Lon": -3.75
    },
    {
        "Value": 287.7818603515625,
        "Lat": 50.25,
        "Lon": -3.75
    },
    {
        "Value": 283.8717041015625,
        "Lat": 58.5,
        "Lon": -3.0
    },
    {
        "Value": 283.2037353515625,
        "Lat": 57.75,
        "Lon": -3.0
    },
    {
        "Value": 282.1470947265625,
        "Lat": 57.0,
        "Lon": -3.0
    },
    {
        "Value": 283.9674072265625,
        "Lat": 56.25,
        "Lon": -3.0
    },
    {
        "Value": 284.3170166015625,
        "Lat": 55.5,
        "Lon": -3.0
    },
    {
        "Value": 284.8541259765625,
        "Lat": 54.75,
        "Lon": -3.0
    },
    {
        "Value": 285.4967041015625,
        "Lat": 54.0,
        "Lon": -3.0
    },
    {
        "Value": 285.5572509765625,
        "Lat": 53.25,
        "Lon": -3.0
    },
    {
        "Value": 284.7662353515625,
        "Lat": 52.5,
        "Lon": -3.0
    },
    {
        "Value": 285.0201416015625,
        "Lat": 51.75,
        "Lon": -3.0
    },
    {
        "Value": 285.4986572265625,
        "Lat": 51.0,
        "Lon": -3.0
    },
    {
        "Value": 287.7720947265625,
        "Lat": 50.25,
        "Lon": -3.0
    },
    {
        "Value": 284.1295166015625,
        "Lat": 58.5,
        "Lon": -2.25
    },
    {
        "Value": 284.0279541015625,
        "Lat": 57.75,
        "Lon": -2.25
    },
    {
        "Value": 282.9029541015625,
        "Lat": 57.0,
        "Lon": -2.25
    },
    {
        "Value": 283.9478759765625,
        "Lat": 56.25,
        "Lon": -2.25
    },
    {
        "Value": 283.7564697265625,
        "Lat": 55.5,
        "Lon": -2.25
    },
    {
        "Value": 283.9205322265625,
        "Lat": 54.75,
        "Lon": -2.25
    },
    {
        "Value": 284.3892822265625,
        "Lat": 54.0,
        "Lon": -2.25
    },
    {
        "Value": 285.2174072265625,
        "Lat": 53.25,
        "Lon": -2.25
    },
    {
        "Value": 285.2838134765625,
        "Lat": 52.5,
        "Lon": -2.25
    },
    {
        "Value": 285.2662353515625,
        "Lat": 51.75,
        "Lon": -2.25
    },
    {
        "Value": 285.7388916015625,
        "Lat": 51.0,
        "Lon": -2.25
    },
    {
        "Value": 288.1080322265625,
        "Lat": 50.25,
        "Lon": -2.25
    },
    {
        "Value": 284.3092041015625,
        "Lat": 58.5,
        "Lon": -1.5
    },
    {
        "Value": 284.6256103515625,
        "Lat": 57.75,
        "Lon": -1.5
    },
    {
        "Value": 284.7349853515625,
        "Lat": 57.0,
        "Lon": -1.5
    },
    {
        "Value": 285.2701416015625,
        "Lat": 56.25,
        "Lon": -1.5
    },
    {
        "Value": 285.0767822265625,
        "Lat": 55.5,
        "Lon": -1.5
    },
    {
        "Value": 283.5670166015625,
        "Lat": 54.75,
        "Lon": -1.5
    },
    {
        "Value": 283.7115478515625,
        "Lat": 54.0,
        "Lon": -1.5
    },
    {
        "Value": 284.8111572265625,
        "Lat": 53.25,
        "Lon": -1.5
    },
    {
        "Value": 285.1685791015625,
        "Lat": 52.5,
        "Lon": -1.5
    },
    {
        "Value": 285.3717041015625,
        "Lat": 51.75,
        "Lon": -1.5
    },
    {
        "Value": 285.9556884765625,
        "Lat": 51.0,
        "Lon": -1.5
    },
    {
        "Value": 288.3990478515625,
        "Lat": 50.25,
        "Lon": -1.5
    },
    {
        "Value": 284.5963134765625,
        "Lat": 58.5,
        "Lon": -0.75
    },
    {
        "Value": 285.0592041015625,
        "Lat": 57.75,
        "Lon": -0.75
    },
    {
        "Value": 285.4615478515625,
        "Lat": 57.0,
        "Lon": -0.75
    },
    {
        "Value": 285.8502197265625,
        "Lat": 56.25,
        "Lon": -0.75
    },
    {
        "Value": 285.7760009765625,
        "Lat": 55.5,
        "Lon": -0.75
    },
    {
        "Value": 284.2799072265625,
        "Lat": 54.75,
        "Lon": -0.75
    },
    {
        "Value": 284.4791259765625,
        "Lat": 54.0,
        "Lon": -0.75
    },
    {
        "Value": 285.1099853515625,
        "Lat": 53.25,
        "Lon": -0.75
    },
    {
        "Value": 284.9849853515625,
        "Lat": 52.5,
        "Lon": -0.75
    },
    {
        "Value": 285.2740478515625,
        "Lat": 51.75,
        "Lon": -0.75
    },
    {
        "Value": 286.4595947265625,
        "Lat": 51.0,
        "Lon": -0.75
    },
    {
        "Value": 288.7408447265625,
        "Lat": 50.25,
        "Lon": -0.75
    }
]